merchant_id,product_merchant
1,Bestbuy
2,Walmart
3,California Electronics
4,Wayfair - Walmart.com
5,Growkart
6,bhphotovideo
7,bargainbrokers
8,Beach Audio Inc
9,Alex Magic Electronics
10,UnbeatableSale
11,your-best-store
12,BuyVPC
13,tube_works
14,DigitalShopper
15,gabrians
16,discountparts99
17,Car Audio Closeout
18,Audiosavings
19,sonicelectronix
20,Hotelectronics
21,accessorynet
22,OliveElect// LLC
23,gadget-town
24,HappEshopper
25,closeoutmartdeals
26,kmaacp
27,AMI Ventures Inc
28,uShopMall
29,antonline
30,Wayfair - Bestbuy.com
31,District Camera
32,goldstar_tech
33,buydig
34,Adorama Camera
35,Wholesale Connection
36,Beach Camera
37,SharpPrices
38,Technology Galaxy
39,Hippo-Deals
40,OutletPC
41,wwstereo
42,BrownBearTech
43,Aztek Computers
44,TigerDirect - Walmart.com
45,DealClock
46,DiamondBuy
47,Hisense USA Corporation
48,My Goods
49,focuscamera
50,Direct Home Supplies
51,MA Trade LLC
52,jbtoolsales02
53,turtlebeach_inc
54,mnmdiscount1
55,Satellite Radio Superstore
56,extremenetwork
57,underground_bargains
58,vipoutlet
59,HookedOnTronics
60,Malelo and Company
61,brake2buyllc
62,jama2363
63,videojam-half
64,Mwave
65,BulkBuys
66,Focus Camera
67,evergreenpoint
68,antonline.com
69,lucky-31067
70,4theloveofphones
71,duck1648
72,HPP Enterprises
73,CarAudioDistributors
74,Circuit City - Walmart.com
75,OneCall
76,Wayfair
77,autosounds_warehouse
78,Lastoftheloot
79,evolving-technologies
80,United Liquidators
81,refurbforless
82,secondipity
83,Sound of Tri-State
84,Best Buy
85,Runtechmedia
86,123Stores - Bestbuy.com
87,claimthis
88,Tech For Less Inc
89,wholesale_connection
90,gear4less
91,Electronic Express
92,nothingbutsavings
93,north_woods_trading
94,Norman Camera Company
95,tri-state-camera
96,6ave
97,17th St Photo Supply Inc
98,redtagcamera
99,World Class Sales
100,Computer Brain
101,tbdeals
102,19th Hole Deals
103,Tri State Camera
104,dr.pepper357
105,4surpluscity
106,hotdeals4u
107,Good Guys Electronics
108,outletmp3
109,6Ave Express LLC
110,Always.Deals
111,cttax
112,jonrod_b49gih
113,Newegg
114,Give 5 To Cancer// Inc
115,eLGeo Electronics
116,ListenUp
117,Electronics Expo (Authorized Dealer)
118,World Wide Stereo
119,SaveTronix
120,AV Toy Store
121,Video & Audio Center
122,VMInnovations
123,meiyaps
124,echo-and-optics
125,Clover Hill
126,dwi-international-8
127,umpquablue
128,Advanced Gadget Inc.
129,electronic_express
130,Simple Cell Inc
131,Tech2Date
132,sqellc
133,XOTIC PC
134,Triplenet Pricing
135,HiLoPlace
136,Moda Bella
137,TEKENVY - Walmart.com
138,pcRUSH - Walmart.com
139,TELeasy
140,HONESTDEALS
141,iSave - Walmart.com
142,newopenbox
143,nps
144,ejuky
145,legendmicro-wholesale
146,less.4.more
147,Rover Store// Inc.
148,West Coast Limited
149,Coldriver20 Electronics Inc
150,Acer Recertified
151,tanyastreasuries
152,dinsdale-usa
153,beyondtechnology
154,SCONTROLC
155,superdealunlimited
156,hanabeauty10
157,SaveCentral// LLC
158,great_retailers
159,us2014_bacho
160,felixg7488
161,photovideo4less
162,alex_the_terrible
163,ONE STOP SHOP
164,DiscountCentralOnline
165,happychicken-com
166,Audiolab Stereo & Video Center
167,TEKONLINE
168,Marine Discount Center// LLC
169,best_buy
170,Always In Touch
171,electric-flight-sales
172,platinummicro
173,compucell.tech
174,anjcloseouts
175,MegaWatts
176,CopyThat!
177,tech1store
178,e-shopsave
179,eternalphoto
180,Incredible Cellular LLC
181,john-6807
182,JBMO Sales
183,True Modern Electronics
184,AUDIO WATT STORE
185,bensdealz7
186,dwgreatdeals
187,Dell.com
188,big_deals_4_you_2
189,Unbeatable Deals
190,iSave
191,Deals Unlimited
192,ilikeike1
193,ipadelectronics
194,Yogi Comp
195,yogi-comp
196,ElectroCell
197,Rocky Mountain Textbooks
198,BidDeal
199,abcdjwarehouse
200,Sam Ash Music Direct
201,turbopm
202,Aiwa Inc.
203,Samy's Camera
204,SDC-Photo
205,PIXEL CONNECTION
206,HiDEF Lifestyle
207,hideflifestyle1
208,DemProductSales
209,tier1xswccx
210,pano*rama
211,book2301
212,Amazing Cross Cloud Deals
213,EZ Tech
214,axxii
215,ericy23
216,Computer Gear
217,liquid.assets
218,digjungle
219,Panda Rover
220,Elem Technologies
221,electr0nicsrus
222,cashinwhi
223,digiherd
224,sound_pros
225,Music123 - Walmart.com
226,Music123
227,Upsider
228,datu503
229,innovee.tech
230,safeandsoundhq
231,The Pixel Hub
232,47st. Photo
233,thepixelhub
234,Hot Deals 4 Less?
235,IQ Home Entertainment
236,Savings Center
237,Accessories Wholesale
238,Creative Audio
239,21 Motorsports
240,Quality Photo
241,blueboxsales
242,AAAA UNIVERSE
243,Walts TV
244,tfldealz
245,ielectrica
246,Made Technology
247,playalegend
248,AngelSeller
249,Audio Visual Hub
250,hypermicrosystems
251,dependix
252,Digital Media Outlet
253,summerishere-0
254,Venu
255,serversourcetechnology
256,lite_corp
257,aapltree
258,gmatexpert
259,feeff
260,g4mmlj
261,shipfast2day
262,zara4573
263,accessoryhut2
264,ands3ts
265,B and H Cellular Wholesale Inc.
266,gsalabama
267,Olivabel
268,All in Retail
269,shopcelldeals
270,gearbrokers
271,electronicsliquidators
272,Audio Advice
273,GRAMOPHONE (Authorized Dealer)
274,gvinu
275,luckeystore
276,zoneusa
277,Electronics101deals
278,aimusa
279,onlybargains2011
280,storesatisfactory
281,shinjuku-donquixote
282,2013-dechi
283,tkservices
284,overstock5577
285,mike_gamesnmore
286,pillsboy3000
287,access1alarm
288,abood.av
289,eCopUSA
290,DigitalKynect
291,geekdeal
292,Adorama
293,kenmorecamera
294,sellular_deals
295,kcla1026
296,autosounds4less
297,dealonline18
298,anilpundge
299,nitzafriedma_0
300,geniesoutlets
301,chrisdamron148
302,kvarley0816
303,mikromarc
304,salherman
305,AASKUS
306,The Wires Zone
307,2011dailydeals
308,TDPEP
309,BuilderDepot// Inc.
310,LC Bargain Sales
311,BuyNESP.com
312,OJCommerce
313,Overstock
314,beachaudio
315,blucoil
316,LY Berditchev Co.
317,xnishatx
318,aSavings
319,race_choice
320,jakejake25
321,Spy Tec
322,tunnyllc
323,savecentral-outlet
324,djwoodie
325,Hooray Tech Inc
326,directnetshopdeal
327,Bluehaze
328,Wholesale Photo Supply Inc.
329,K&M
330,Concept Electronics
331,iTech INTL
332,refdan49
333,pmiauctions
334,ryanblue11
335,bestserviceguys
336,wetesco
337,midwestcomp
338,Platinum Micro
339,mygoods
340,webtron-x.com
341,Roberts LP
342,ewholesale2011
343,E-Warehouse-Deals
344,boildkitty
345,Zeek and Zellies
346,WAL-MART COM
347,bidallies
348,elfxpress
349,Sports&Gadgets
350,poppy9780
351,Online King
352,a4c
353,Deals Daily
354,wirelessalliance
355,belucky405
356,tedselectronics1
357,GeekZilla
358,give5tocancer
359,Datavision Computer Video
360,delanodynasty
361,MEMORY n MORE
362,Azano Inc
363,thekeykey
364,PS Traders// LLC
365,Department75
366,ELAVA LLC
367,prepre81
368,Hyper Microsystems// Inc.
369,DropAir
370,Good Luck Bargains
371,cargolargo
372,Neobits
373,dmite30
374,DLR Hunter
375,ProMax Commerce
376,Ritz Camera
377,extremeelectronix
378,nzxtinc
379,computeroverhauls
380,Nexit// Inc.
381,Maxi-Aids
382,Real Basics
383,theimagingworld
384,Lightning Deals
385,afdsolutions
386,sanheshun
387,BuyDirect & Save
388,videoandaudiocenter
389,exclusivecharms
390,kimishland
391,balkan_sale
392,sunshineworld8689
393,Monoprice Inc
394,shopdivvy
395,iphoneguy19
396,ryajoh7
397,Double Deals
398,universe-deals
399,gamegear14
400,PPG Consulting// Inc
401,nationwidedistributors
402,friendlynerd
403,isellstuff86
404,CosmeticMall
405,Pro AV Dealer
406,hifisoundconnection
407,Pro AV Dealer Inc
408,kourke
409,brandsmartusa
410,redcloudtech
411,a1Components
412,fustuation
413,blinq
414,efesales
415,emeraldpg
416,hollitronic
417,pcRUSH
418,istrawberrize
419,wirelessmoo
420,hokie_vt
421,Zoro
422,305mia65
423,OneStopShop
424,northwest-outdoor
425,pricebreak-deals
426,gpscity
427,vikusi
428,satman56
429,Googol Shop
430,JB Tool Sales
431,Global Audio Video LLC
432,globalavllc
433,Alto Music
434,Onlinecarstereo_Store
435,Generation Tech
436,vcc113
437,Product Source
438,Cameta Camera
439,BlueDealz
440,dieg5651_8xrznj2zi
441,bluedealz-com
442,edc-73
443,jbcuttlefish
444,electricdiamond
445,mobileshark
446,Alwayz On Sale
447,Fab4Electronics
448,d.a.n.t_tech
449,WeaKnees DVR Superstore
450,weaknees-dvr-superstore
451,rabera
452,broomstick6
453,mpe007
454,daniellcreighto_5
455,jacquehuey817
456,Amazing Deals Online
457,trd_digital
458,Buywireless
459,loothive
460,pro_car_audio_consulting
461,techronics-store
462,VM Innovations
463,volaudio
464,smart_alliance
465,Amazing Savings
466,pawnguy4
467,buy.direct
468,raffaffle
469,Top Deals
470,onsale777
471,Xcess Limited
472,grliquidators16
473,Santa Monica Wireless
474,onlycellphone
475,ditech_store
476,DVCOM LLC
477,1topwire
478,pasbuy
479,cable-n-chargers
480,Mobile Top Deal
481,Soltech US Corp
482,True Modern Electronics USA
483,ritzcameras
484,thrillingaudio
485,DeepDiscount
486,discountsjungle
487,CS 24/7
488,rebell57
489,avsolutionsguy
490,autoplicity.com
491,iban_tech-8
492,Hot Deals Electronics
493,torchehunte0
494,n.n3288
495,PhotoSavings
496,bornewinner
497,shanamaidela
498,recommercedallas
499,weoutfit
500,Zoe Systems
501,cgelectronics16
502,rtnsolution
503,kays_place_too
504,moviegoddess85
505,qsccomputer
506,cyberoverstock-com
507,stereo-needs
508,elektech.1
509,cybervalue
510,702-motoring
511,business-supplies-2009
512,daniedito
513,buy12volt
514,musicalsupplydirect
515,altomusic
516,VIP OUTLET
517,Stereo Advantage
518,amc0052010
519,themusicmasters
520,itatlantic
521,Electronics Plus
522,Beach Audio Inc - Walmart.com
523,samyscamerainc
524,einfinityshop4
525,1win
526,ZeeMo Distribution
527,doitjust4fun
528,ETM Online Deals// LLC
529,Nationwide Distributor
530,MemoryC// Inc.
531,liu.xingzhao
532,aad_77
533,428ypz
534,waltstv
535,ovvapro
536,sando_distributions
537,techo22
538,jamhuritech
539,josh-baskin-company
540,netroniques
541,proavdealer
542,radha_stores
543,truemodernelectronicsusa
544,Hayneedle
545,apethouse
546,Acumen Disc
547,acumendiscs
548,www-bestelectronicsoutlet-com
549,PT Etech
550,Sabrent
551,Digitaldjgear
552,AVLgear
553,accesscables
554,myonus6
555,RackGo
556,proaudio654
557,kttrading14
558,sonydigiworld
559,hahiscool
560,daylighttechnologies
561,topusedcomputers
562,mamastore_co
563,techfastnow
564,alohasgt
565,advance_performance_shop
566,bigvalueinc
567,charlatan19
568,hunt-thac
569,17thstreetphoto
570,deals-all-year
571,PIXIBYTES INC
572,jazzman2275
573,robertscamera
574,ravencat3
575,cynethmcneil_0
576,clocksntoys
577,ladymel916
578,sobeonline1
579,mr.chiga
580,barterboxusa
581,bestelectronics1982
582,Audiovideodirect
583,IPC Store
584,Shoplet
585,tuminatr
586,ltwright2006
587,sundown.one
588,Echo and Optics
589,new-technologies
590,Circuit City
591,cokekid88
592,techmiaonline
593,frankmarks506frank
594,sandbid-com
595,ProElectronics Distributing Inc.
596,Firemall LLC
597,Mian Brothers Inc
598,crazy-shnarf
599,fanteller
600,eGoodies
601,surplusstockpile
602,eco-keeper7
603,georgec4459
604,scifiwriter99
605,Nspire Store
606,alpinespringers99
607,lawman1967
608,thegpsdoctor
609,Focus Camera - Walmart.com
610,musiciansfriend
611,rideausales
612,1 Stop Electronics Center// Inc.
613,ami_lamra
614,multitechinc
615,chribrackma-0
616,candys-outlet-store
617,offers.store
618,K Sparkle
619,Deals R Us
620,ezcellerz
621,stereoware
622,biction
623,TechMemoryStore
624,AtlantaLightBulbs.com
625,Gigasonic
626,frontrowelectronics
627,Urban Armor Gear Official
628,guru_5
629,umati_housewtp
630,teampsales
631,atoz1239
632,vela-llc
633,bigdeals
634,mainly-electronics
635,lelister192
636,omarafat09
637,Spddys LLC
638,getdealonline
639,avdeals2014
640,amazingtexasdeals
641,irenzolio534
642,raghav_205
643,kevin3sty
644,techhouse520
645,maxxa1
646,dream-seller
647,saving2you
648,Murloc Express
649,SSE Photo & Video
650,buynmdeals
651,mjwireless
652,Toolboxsupply
653,Shopemco
654,MyOfficeInnovations
655,Shoplet - Walmart.com
656,Front Row Electronics
657,jpkovacic
658,singledadsunited
659,CompuDirect
660,zal-digital
661,miekadut
662,dealsfellow
663,Tunny LLC
664,livinitandlovinitretail
665,premium-electronics
666,aftermathoutdoor336
667,Widgetree
668,monimorgan
669,digital-solomon
670,hsum8885
671,mcmech
672,buy-from-michelle
673,timespioneer2016
674,soundoftristate
675,Walmarked
676,designerentrywayllc
677,TopRatedSeller
678,Top Rated Seller
679,stay_at_home_dads
680,apc_sales
